"2010-03-03","SELL","5079.5","SMA-20"
"2010-03-04","SELL","5087.25","SMA-20"
"2010-03-05","SELL","5098.75","SMA-20"
"2010-03-08","SELL","5112","SMA-20"
"2010-03-09","SELL","5079","SMA-20"
"2010-03-10","SELL","5123.5","SMA-20"
"2010-03-11","SELL","5148","SMA-20"
"2010-03-12","SELL","5152.5","SMA-20"
"2010-03-15","SELL","5128.75","SMA-20"
"2010-03-16","SELL","5202.75","SMA-20"
"2010-03-17","SELL","5242.25","SMA-20"
"2010-03-18","SELL","5249.75","SMA-20"
"2010-03-19","SELL","5265.5","SMA-20"
"2010-03-22","SELL","5200.5","SMA-20"
"2010-03-23","SELL","5222.5","SMA-20"
"2010-03-25","SELL","5268.25","SMA-20"
"2010-03-26","SELL","5292.75","SMA-20"
"2010-03-29","SELL","5319.5","SMA-20"
"2010-03-30","SELL","5267.75","SMA-20"
"2010-03-31","SELL","5256.75","SMA-20"
"2010-04-01","SELL","5295.5","SMA-20"
"2010-04-05","SELL","5364.25","SMA-20"
"2010-04-06","SELL","5377.5","SMA-20"
"2010-04-07","SELL","5377.75","SMA-20"
"2010-04-08","SELL","5284.5","SMA-20"
"2010-04-09","SELL","5370.25","SMA-20"
"2010-04-12","SELL","5346.5","SMA-20"
"2010-04-13","SELL","5325.5","SMA-20"
"2010-04-15","SELL","5285.5","SMA-20"
"2010-04-16","SELL","5248","SMA-20"
"2010-04-19","SELL","5195.5","SMA-20"
"2010-04-20","BUY","5228.25","SMA-20"
"2010-04-21","BUY","5246.5","SMA-20"
"2010-04-22","BUY","5252.5","SMA-20"
"2010-04-23","SELL","5310.5","SMA-20"
"2010-04-26","SELL","5326.25","SMA-20"
"2010-04-27","SELL","5309.25","SMA-20"
"2010-04-28","SELL","5226.25","SMA-20"
"2010-04-29","BUY","5253.25","SMA-20"
"2010-04-30","BUY","5259","SMA-20"
"2010-05-03","SELL","5220.5","SMA-20"
"2010-05-04","BUY","5126.75","SMA-20"
"2010-05-05","BUY","5115","SMA-20"
"2010-05-06","BUY","5097.5","SMA-20"
"2010-05-07","BUY","5033","SMA-20"
"2010-05-10","BUY","5199","SMA-20"
"2010-05-11","BUY","5129.25","SMA-20"
"2010-05-12","BUY","5148","SMA-20"
"2010-05-13","BUY","5181.75","SMA-20"
"2010-05-14","BUY","5050.25","SMA-20"
"2010-05-17","BUY","5048.75","SMA-20"
"2010-05-18","BUY","5056.5","SMA-20"
"2010-05-19","BUY","4923","SMA-20"
"2010-05-20","BUY","4939.75","SMA-20"
"2010-05-21","BUY","4910.75","SMA-20"
"2010-05-24","BUY","4923","SMA-20"
"2010-05-25","BUY","4807.5","SMA-20"
"2010-05-26","BUY","4894.75","SMA-20"
"2010-05-27","BUY","4982.25","SMA-20"
"2010-05-28","BUY","5044.25","SMA-20"
"2010-05-31","BUY","5060","SMA-20"
"2010-06-01","BUY","4943.5","SMA-20"
"2010-06-02","BUY","5004.25","SMA-20"
"2010-06-03","BUY","5097.25","SMA-20"
"2010-06-04","BUY","5116.75","SMA-20"
"2010-06-07","SELL","5022.5","SMA-20"
"2010-06-08","BUY","4952.25","SMA-20"
"2010-06-09","BUY","5000.25","SMA-20"
"2010-06-10","BUY","5083.5","SMA-20"
"2010-06-11","BUY","5105.75","SMA-20"
"2010-06-14","SELL","5210.25","SMA-20"
"2010-06-15","SELL","5228.25","SMA-20"
"2010-06-16","SELL","5222.75","SMA-20"
"2010-06-17","SELL","5302","SMA-20"
"2010-06-18","SELL","5258.5","SMA-20"
"2010-06-21","SELL","5352.5","SMA-20"
"2010-06-22","SELL","5320","SMA-20"
"2010-06-23","SELL","5346.75","SMA-20"
"2010-06-24","SELL","5296","SMA-20"
"2010-06-25","SELL","5274","SMA-20"
"2010-06-28","SELL","5341","SMA-20"
"2010-06-29","SELL","5258.5","SMA-20"
"2010-06-30","SELL","5313.75","SMA-20"
"2010-07-01","SELL","5249.25","SMA-20"
"2010-07-02","SELL","5240","SMA-20"
"2010-07-05","SELL","5243","SMA-20"
"2010-07-06","SELL","5297","SMA-20"
"2010-07-07","SELL","5244.75","SMA-20"
"2010-07-08","SELL","5303.25","SMA-20"
"2010-07-09","SELL","5358","SMA-20"
"2010-07-12","SELL","5382.5","SMA-20"
"2010-07-13","SELL","5410.75","SMA-20"
"2010-07-14","SELL","5383.75","SMA-20"
"2010-07-15","SELL","5385.25","SMA-20"
"2010-07-16","SELL","5410","SMA-20"
"2010-07-19","SELL","5386.75","SMA-20"
"2010-07-20","SELL","5350.75","SMA-20"
"2010-07-21","SELL","5393.5","SMA-20"
"2010-07-22","SELL","5450.5","SMA-20"
"2010-07-23","SELL","5438.5","SMA-20"
"2010-07-26","SELL","5415.25","SMA-20"
"2010-07-27","SELL","5432.5","SMA-20"
"2010-07-28","SELL","5394.4","SMA-20"
"2010-07-29","SELL","5408.9","SMA-20"
"2010-07-30","SELL","5345.25","SMA-20"
"2010-08-02","SELL","5439.75","SMA-20"
"2010-08-03","SELL","5436","SMA-20"
"2010-08-04","SELL","5461.25","SMA-20"
"2010-08-05","SELL","5460.5","SMA-20"
"2010-08-06","SELL","5445.75","SMA-20"
"2010-08-09","SELL","5480.75","SMA-20"
"2010-08-10","SELL","5464","SMA-20"
"2010-08-11","SELL","5403.5","SMA-20"
"2010-08-12","SELL","5414.75","SMA-20"
"2010-08-13","SELL","5449","SMA-20"
"2010-08-16","SELL","5413.25","SMA-20"
"2010-08-17","SELL","5423","SMA-20"
"2010-08-18","SELL","5490.75","SMA-20"
"2010-08-19","SELL","5534","SMA-20"
"2010-08-20","SELL","5519.5","SMA-20"
"2010-08-23","SELL","5530.5","SMA-20"
"2010-08-24","SELL","5507.75","SMA-20"
"2010-08-25","SELL","5467.75","SMA-20"
"2010-08-26","SELL","5473","SMA-20"
"2010-08-27","SELL","5415.75","SMA-20"
"2010-08-30","SELL","5424.75","SMA-20"
"2010-08-31","BUY","5401.5","SMA-20"
"2010-09-01","BUY","5473","SMA-20"
"2010-09-02","SELL","5485.5","SMA-20"
"2010-09-03","SELL","5486.75","SMA-20"
"2010-09-06","SELL","5571.75","SMA-20"
"2010-09-07","SELL","5585.25","SMA-20"
"2010-09-08","SELL","5594.75","SMA-20"
"2010-09-09","SELL","5628.75","SMA-20"
"2010-09-13","SELL","5758.5","SMA-20"
"2010-09-14","SELL","5814.5","SMA-20"
"2010-09-15","SELL","5852.25","SMA-20"
"2010-09-16","SELL","5842.75","SMA-20"
"2010-09-17","SELL","5908.5","SMA-20"
"2010-09-20","SELL","5994.75","SMA-20"
"2010-09-21","SELL","6007.5","SMA-20"
"2010-09-22","SELL","5997.5","SMA-20"
"2010-09-23","SELL","5957","SMA-20"
"2010-09-24","SELL","6025","SMA-20"
"2010-09-27","SELL","6061.75","SMA-20"
"2010-09-28","SELL","6071.75","SMA-20"
"2010-09-29","SELL","6018.75","SMA-20"
"2010-09-30","SELL","6018.5","SMA-20"
"2010-10-01","SELL","6180","SMA-20"
"2010-10-04","SELL","6178","SMA-20"
"2010-10-05","SELL","6173.5","SMA-20"
"2010-10-06","SELL","6214","SMA-20"
"2010-10-07","SELL","6142.5","SMA-20"
"2010-10-08","SELL","6136.25","SMA-20"
"2010-10-11","SELL","6151.5","SMA-20"
"2010-10-12","SELL","6109.5","SMA-20"
"2010-10-13","SELL","6273.25","SMA-20"
"2010-10-14","SELL","6189.25","SMA-20"
"2010-10-15","SELL","6081.25","SMA-20"
"2010-10-18","SELL","6133.5","SMA-20"
"2010-10-19","SELL","6014.75","SMA-20"
"2010-10-20","SELL","6007","SMA-20"
"2010-10-21","SELL","6122.75","SMA-20"
"2010-10-22","SELL","6086","SMA-20"
"2010-10-25","SELL","6131.75","SMA-20"
"2010-10-26","SELL","6129.75","SMA-20"
"2010-10-27","SELL","6062.75","SMA-20"
"2010-10-28","SELL","6062.75","SMA-20"
"2010-10-29","SELL","6032.25","SMA-20"
"2010-11-01","BUY","6151.75","SMA-20"
"2010-11-02","BUY","6149","SMA-20"
"2010-11-03","BUY","6205","SMA-20"
"2010-11-04","BUY","6314.5","SMA-20"
"2010-11-05","SELL","6325.05","SMA-20"
"2010-11-08","SELL","6299.25","SMA-20"
"2010-11-09","SELL","6354.5","SMA-20"
"2010-11-10","SELL","6305.75","SMA-20"
"2010-11-11","SELL","6233.5","SMA-20"
"2010-11-12","SELL","6078.25","SMA-20"
"2010-11-15","BUY","6128.5","SMA-20"
"2010-11-16","BUY","5978.75","SMA-20"
"2010-11-18","BUY","6030.75","SMA-20"
"2010-11-19","SELL","5884.25","SMA-20"
"2010-11-22","BUY","5998.25","SMA-20"
"2010-11-23","BUY","5931.25","SMA-20"
"2010-11-24","BUY","5857.25","SMA-20"
"2010-11-25","BUY","5851.25","SMA-20"
"2010-11-26","BUY","5759.25","SMA-20"
"2010-11-29","BUY","5847.75","SMA-20"
"2010-11-30","BUY","5878.5","SMA-20"
"2010-12-01","BUY","5976.25","SMA-20"
"2010-12-02","BUY","6023","SMA-20"
"2010-12-03","BUY","6014.25","SMA-20"
"2010-12-06","BUY","5982.75","SMA-20"
"2010-12-07","BUY","6016.5","SMA-20"
"2010-12-08","BUY","5917.75","SMA-20"
"2010-12-09","BUY","5784.25","SMA-20"
"2010-12-10","BUY","5873","SMA-20"
"2010-12-13","BUY","5927.25","SMA-20"
"2010-12-14","BUY","5955.25","SMA-20"
"2010-12-15","BUY","5894.5","SMA-20"
"2010-12-16","BUY","5953.5","SMA-20"
"2010-12-20","BUY","5949","SMA-20"
"2010-12-21","SELL","6008.5","SMA-20"
"2010-12-22","SELL","5997.5","SMA-20"
"2010-12-23","SELL","5998","SMA-20"
"2010-12-24","SELL","6041","SMA-20"
"2010-12-27","SELL","6004.75","SMA-20"
"2010-12-28","SELL","6005.5","SMA-20"
"2010-12-29","SELL","6117.75","SMA-20"
"2010-12-30","SELL","6130.25","SMA-20"
"2010-12-31","SELL","6165","SMA-20"
"2011-01-03","SELL","6188.25","SMA-20"
"2011-01-04","SELL","6149.25","SMA-20"
"2011-01-05","SELL","6097.5","SMA-20"
"2011-01-06","SELL","6072.75","SMA-20"
"2011-01-07","SELL","5895.25","SMA-20"
"2011-01-10","SELL","5750","SMA-20"
"2011-01-11","BUY","5798.75","SMA-20"
"2011-01-12","BUY","5876.75","SMA-20"
"2011-01-13","BUY","5758.5","SMA-20"
"2011-01-14","BUY","5653.75","SMA-20"
"2011-01-17","BUY","5662.75","SMA-20"
"2011-01-18","BUY","5729.25","SMA-20"
"2011-01-19","BUY","5701.5","SMA-20"
"2011-01-20","BUY","5707.75","SMA-20"
"2011-01-21","BUY","5703.5","SMA-20"
"2011-01-24","BUY","5739.25","SMA-20"
"2011-01-25","BUY","5682.25","SMA-20"
"2011-01-27","BUY","5619.75","SMA-20"
"2011-01-28","BUY","5538","SMA-20"
"2011-01-31","BUY","5525","SMA-20"
"2011-02-01","BUY","5421","SMA-20"
"2011-02-02","BUY","5426.75","SMA-20"
"2011-02-03","BUY","5533.25","SMA-20"
"2011-02-04","BUY","5378","SMA-20"
"2011-02-07","BUY","5399.5","SMA-20"
"2011-02-08","BUY","5309.25","SMA-20"
"2011-02-09","BUY","5276","SMA-20"
"2011-02-10","BUY","5216.75","SMA-20"
"2011-02-11","BUY","5315.75","SMA-20"
"2011-02-14","BUY","5444","SMA-20"
"2011-02-15","BUY","5479.75","SMA-20"
"2011-02-16","BUY","5493.75","SMA-20"
"2011-02-17","BUY","5553.25","SMA-20"
"2011-02-18","BUY","5463.25","SMA-20"
"2011-02-21","BUY","5516.5","SMA-20"
"2011-02-22","BUY","5465.5","SMA-20"
"2011-02-23","BUY","5441","SMA-20"
"2011-02-24","BUY","5279.75","SMA-20"
"2011-02-25","BUY","5321","SMA-20"
"2011-02-28","BUY","5342","SMA-20"
"2011-03-01","BUY","5549.75","SMA-20"
"2011-03-03","SELL","5546.5","SMA-20"
"2011-03-04","SELL","5544","SMA-20"
"2011-03-07","SELL","5488","SMA-20"
"2011-03-08","SELL","5537.75","SMA-20"
"2011-03-09","SELL","5526.25","SMA-20"
"2011-03-10","SELL","5507.25","SMA-20"
"2011-03-11","SELL","5460","SMA-20"
"2011-03-14","SELL","5554.75","SMA-20"
"2011-03-15","SELL","5447.5","SMA-20"
"2011-03-16","SELL","5534.75","SMA-20"
"2011-03-17","SELL","5473.5","SMA-20"
"2011-03-18","BUY","5377.5","SMA-20"
"2011-03-21","BUY","5391","SMA-20"
"2011-03-22","BUY","5437.75","SMA-20"
"2011-03-23","BUY","5502.25","SMA-20"
"2011-03-24","SELL","5555.5","SMA-20"
"2011-03-25","SELL","5678.75","SMA-20"
"2011-03-28","SELL","5732.5","SMA-20"
"2011-03-29","SELL","5782.25","SMA-20"
"2011-03-30","SELL","5857.75","SMA-20"
"2011-03-31","SELL","5872","SMA-20"
"2011-04-01","SELL","5867.5","SMA-20"
"2011-04-04","SELL","5944.5","SMA-20"
"2011-04-05","SELL","5928.75","SMA-20"
"2011-04-06","SELL","5904.75","SMA-20"
"2011-04-07","SELL","5897.5","SMA-20"
"2011-04-08","SELL","5859.75","SMA-20"
"2011-04-11","SELL","5793.5","SMA-20"
"2011-04-13","SELL","5948.25","SMA-20"
"2011-04-15","SELL","5830.75","SMA-20"
"2011-04-18","SELL","5732.25","SMA-20"
"2011-04-19","SELL","5751.5","SMA-20"
"2011-04-20","SELL","5873.75","SMA-20"
"2011-04-21","SELL","5909.75","SMA-20"
"2011-04-25","SELL","5872.75","SMA-20"
"2011-04-26","SELL","5867.25","SMA-20"
"2011-04-27","SELL","5832.75","SMA-20"
"2011-04-28","SELL","5808.5","SMA-20"
"2011-04-29","SELL","5743","SMA-20"
"2011-05-02","BUY","5713.5","SMA-20"
"2011-05-03","BUY","5557.5","SMA-20"
"2011-05-04","BUY","5534.75","SMA-20"
"2011-05-05","BUY","5434.5","SMA-20"
"2011-05-06","BUY","5551","SMA-20"
"2011-05-09","BUY","5550.5","SMA-20"
"2011-05-10","BUY","5539.25","SMA-20"
"2011-05-11","BUY","5550.75","SMA-20"
"2011-05-12","BUY","5470.75","SMA-20"
"2011-05-13","BUY","5576","SMA-20"
"2011-05-16","BUY","5479","SMA-20"
"2011-05-17","BUY","5450.25","SMA-20"
"2011-05-18","BUY","5426.25","SMA-20"
"2011-05-19","BUY","5432.75","SMA-20"
"2011-05-20","BUY","5477.5","SMA-20"
"2011-05-23","BUY","5379.25","SMA-20"
"2011-05-24","BUY","5387.5","SMA-20"
"2011-05-25","BUY","5346.75","SMA-20"
"2011-05-26","BUY","5390.25","SMA-20"
"2011-05-27","BUY","5470.25","SMA-20"
"2011-05-30","BUY","5462.5","SMA-20"
"2011-05-31","BUY","5554.5","SMA-20"
"2011-06-01","BUY","5594.5","SMA-20"
"2011-06-02","SELL","5559.5","SMA-20"
"2011-06-03","SELL","5533","SMA-20"
"2011-06-06","BUY","5536","SMA-20"
"2011-06-07","BUY","5561.25","SMA-20"
"2011-06-08","SELL","5525","SMA-20"
"2011-06-09","BUY","5520.5","SMA-20"
"2011-06-10","SELL","5486.25","SMA-20"
"2011-06-13","BUY","5492.75","SMA-20"
"2011-06-14","SELL","5518","SMA-20"
"2011-06-15","SELL","5450.25","SMA-20"
"2011-06-16","SELL","5396.25","SMA-20"
"2011-06-17","BUY","5364.75","SMA-20"
"2011-06-20","BUY","5258.75","SMA-20"
"2011-06-21","BUY","5273.75","SMA-20"
"2011-06-22","BUY","5285.25","SMA-20"
"2011-06-23","BUY","5319.25","SMA-20"
"2011-06-24","BUY","5482.25","SMA-20"
"2011-06-27","SELL","5553.5","SMA-20"
"2011-06-28","SELL","5568.25","SMA-20"
"2011-06-29","SELL","5639.5","SMA-20"
"2011-06-30","SELL","5651.25","SMA-20"
"2011-07-01","SELL","5629.75","SMA-20"
"2011-07-04","SELL","5664.5","SMA-20"
"2011-07-05","SELL","5654.75","SMA-20"
"2011-07-06","SELL","5635.75","SMA-20"
"2011-07-07","SELL","5751.25","SMA-20"
"2011-07-08","SELL","5657.5","SMA-20"
"2011-07-11","SELL","5618.5","SMA-20"
"2011-07-12","SELL","5525.5","SMA-20"
"2011-07-13","SELL","5607","SMA-20"
"2011-07-14","SELL","5583.25","SMA-20"
"2011-07-15","SELL","5588","SMA-20"
"2011-07-18","SELL","5566.5","SMA-20"
"2011-07-19","SELL","5623","SMA-20"
"2011-07-20","SELL","5570.5","SMA-20"
"2011-07-21","SELL","5547.5","SMA-20"
"2011-07-22","SELL","5643.25","SMA-20"
"2011-07-25","SELL","5710.25","SMA-20"
"2011-07-26","SELL","5574.75","SMA-20"
"2011-07-27","SELL","5554.25","SMA-20"
"2011-07-28","BUY","5496.25","SMA-20"
"2011-07-29","BUY","5484","SMA-20"
"2011-08-01","BUY","5528.75","SMA-20"
"2011-08-02","BUY","5462.5","SMA-20"
"2011-08-03","BUY","5422.75","SMA-20"
"2011-08-04","BUY","5336","SMA-20"
"2011-08-05","BUY","5209.5","SMA-20"
"2011-08-08","BUY","5128.75","SMA-20"
"2011-08-09","BUY","5088.25","SMA-20"
"2011-08-10","BUY","5141","SMA-20"
"2011-08-11","BUY","5119.75","SMA-20"
"2011-08-12","BUY","5081.25","SMA-20"
"2011-08-16","BUY","5040.5","SMA-20"
"2011-08-17","BUY","5071.5","SMA-20"
"2011-08-18","BUY","4925.5","SMA-20"
"2011-08-19","BUY","4842.5","SMA-20"
"2011-08-22","BUY","4925.75","SMA-20"
"2011-08-23","BUY","4956.75","SMA-20"
"2011-08-24","BUY","4879","SMA-20"
"2011-08-25","BUY","4863.75","SMA-20"
"2011-08-26","BUY","4743.25","SMA-20"
"2011-08-29","BUY","4945","SMA-20"
"2011-08-30","BUY","5009.5","SMA-20"
"2011-09-02","BUY","5042.75","SMA-20"
"2011-09-05","BUY","5008.75","SMA-20"
"2011-09-06","BUY","5059","SMA-20"
"2011-09-07","BUY","5112.5","SMA-20"
"2011-09-08","BUY","5161","SMA-20"
"2011-09-09","SELL","5034.25","SMA-20"
"2011-09-12","BUY","4947.25","SMA-20"
"2011-09-13","BUY","4940.75","SMA-20"
"2011-09-14","BUY","5029.75","SMA-20"
"2011-09-15","BUY","5095.75","SMA-20"
"2011-09-16","SELL","5081.75","SMA-20"
"2011-09-19","SELL","5041.5","SMA-20"
"2011-09-20","SELL","5166.5","SMA-20"
"2011-09-21","SELL","5136","SMA-20"
"2011-09-22","SELL","4900.75","SMA-20"
"2011-09-23","BUY","4853.25","SMA-20"
"2011-09-26","BUY","4858.75","SMA-20"
"2011-09-27","BUY","4999","SMA-20"
"2011-09-28","SELL","4936.5","SMA-20"
"2011-09-29","BUY","5035","SMA-20"
"2011-09-30","SELL","4921.5","SMA-20"
"2011-10-03","BUY","4861.25","SMA-20"
"2011-10-04","BUY","4771.25","SMA-20"
"2011-10-05","BUY","4764.75","SMA-20"
"2011-10-07","BUY","4886.25","SMA-20"
"2011-10-10","BUY","4993.75","SMA-20"
"2011-10-11","BUY","4981","SMA-20"
"2011-10-12","SELL","5112.75","SMA-20"
"2011-10-13","SELL","5063.25","SMA-20"
"2011-10-14","SELL","5133","SMA-20"
"2011-10-17","SELL","5122.25","SMA-20"
"2011-10-18","SELL","5048.25","SMA-20"
"2011-10-19","SELL","5149","SMA-20"
"2011-10-20","BUY","5106.5","SMA-20"
"2011-10-21","BUY","5062.5","SMA-20"
"2011-10-24","SELL","5122.5","SMA-20"
"2011-10-25","SELL","5247.75","SMA-20"
"2011-10-26","SELL","5283.75","SMA-20"
"2011-10-28","SELL","5382.75","SMA-20"
"2011-10-31","SELL","5347.5","SMA-20"
"2011-11-01","SELL","5275","SMA-20"
"2011-11-02","SELL","5300.25","SMA-20"
"2011-11-03","SELL","5299.25","SMA-20"
"2011-11-04","SELL","5316","SMA-20"
"2011-11-08","SELL","5306.75","SMA-20"
"2011-11-09","SELL","5227","SMA-20"
"2011-11-11","SELL","5195","SMA-20"
"2011-11-14","SELL","5143.75","SMA-20"
"2011-11-15","SELL","5053.5","SMA-20"
"2011-11-16","BUY","5076.75","SMA-20"
"2011-11-17","BUY","4918.25","SMA-20"
"2011-11-18","BUY","4920.75","SMA-20"
"2011-11-21","BUY","4787","SMA-20"
"2011-11-22","BUY","4818","SMA-20"
"2011-11-23","BUY","4713","SMA-20"
"2011-11-24","BUY","4776.25","SMA-20"
"2011-11-25","BUY","4703.5","SMA-20"
"2011-11-28","BUY","4874.25","SMA-20"
"2011-11-29","BUY","4804.25","SMA-20"
"2011-11-30","BUY","4836.25","SMA-20"
"2011-12-01","BUY","4962.75","SMA-20"
"2011-12-02","BUY","5086.75","SMA-20"
"2011-12-05","BUY","5068.25","SMA-20"
"2011-12-07","BUY","5063.75","SMA-20"
"2011-12-08","BUY","4947.5","SMA-20"
"2011-12-09","BUY","4871","SMA-20"
"2011-12-12","BUY","4756.25","SMA-20"
"2011-12-13","BUY","4830.5","SMA-20"
"2011-12-14","BUY","4758.75","SMA-20"
"2011-12-15","BUY","4759.75","SMA-20"
"2011-12-16","BUY","4617.75","SMA-20"
"2011-12-19","BUY","4606.75","SMA-20"
"2011-12-20","BUY","4555.75","SMA-20"
"2011-12-21","BUY","4716.75","SMA-20"
"2011-12-22","BUY","4745.75","SMA-20"
"2011-12-23","SELL","4718.5","SMA-20"
"2011-12-26","BUY","4718.5","SMA-20"
"2011-12-27","SELL","4772.5","SMA-20"
"2011-12-28","BUY","4717.25","SMA-20"
"2011-12-29","BUY","4671.75","SMA-20"
"2011-12-30","BUY","4616.25","SMA-20"
"2012-01-02","BUY","4641","SMA-20"
"2012-01-03","BUY","4772.25","SMA-20"
"2012-01-04","BUY","4750.5","SMA-20"
"2012-01-05","BUY","4743.25","SMA-20"
"2012-01-06","BUY","4775.25","SMA-20"
"2012-01-07","BUY","4760","SMA-20"
"2012-01-09","SELL","4748.75","SMA-20"
"2012-01-10","BUY","4867","SMA-20"
"2012-01-11","SELL","4870.25","SMA-20"
"2012-01-12","SELL","4863.75","SMA-20"
"2012-01-13","SELL","4885.5","SMA-20"
"2012-01-16","SELL","4888.75","SMA-20"
"2012-01-17","SELL","4977.5","SMA-20"
"2012-01-18","SELL","4950.75","SMA-20"
"2012-01-19","SELL","5025.25","SMA-20"
"2012-01-20","SELL","5055.5","SMA-20"
"2012-01-23","SELL","5076","SMA-20"
"2012-01-24","SELL","5132.5","SMA-20"
"2012-01-25","SELL","5178","SMA-20"
"2012-01-27","SELL","5214.25","SMA-20"
"2012-01-30","SELL","5099","SMA-20"
"2012-01-31","SELL","5225.25","SMA-20"
"2012-02-01","SELL","5264.75","SMA-20"
"2012-02-02","SELL","5274","SMA-20"
"2012-02-03","SELL","5340","SMA-20"
"2012-02-06","SELL","5360.5","SMA-20"
"2012-02-07","SELL","5361.25","SMA-20"
"2012-02-08","SELL","5389.5","SMA-20"
"2012-02-09","SELL","5438.75","SMA-20"
"2012-02-10","SELL","5377","SMA-20"
"2012-02-13","SELL","5415.25","SMA-20"
"2012-02-14","SELL","5454","SMA-20"
"2012-02-15","SELL","5554","SMA-20"
"2012-02-16","SELL","5531","SMA-20"
"2012-02-17","SELL","5594.5","SMA-20"
"2012-02-21","SELL","5652.25","SMA-20"
"2012-02-22","SELL","5562.25","SMA-20"
"2012-02-23","SELL","5529.5","SMA-20"
"2012-02-24","SELL","5485","SMA-20"
"2012-02-27","SELL","5317","SMA-20"
"2012-02-28","SELL","5442.25","SMA-20"
"2012-02-29","SELL","5433","SMA-20"
"2012-03-01","SELL","5382.5","SMA-20"
"2012-03-02","SELL","5396","SMA-20"
"2012-03-03","SELL","5396.5","SMA-20"
"2012-03-05","SELL","5321.25","SMA-20"
"2012-03-06","BUY","5227","SMA-20"
"2012-03-07","BUY","5259.25","SMA-20"
"2012-03-09","BUY","5370.5","SMA-20"
"2012-03-12","BUY","5379.75","SMA-20"
"2012-03-13","SELL","5469.5","SMA-20"
"2012-03-14","SELL","5510.25","SMA-20"
"2012-03-15","SELL","5408.5","SMA-20"
"2012-03-16","BUY","5333.5","SMA-20"
"2012-03-19","BUY","5273.25","SMA-20"
"2012-03-20","BUY","5286.5","SMA-20"
"2012-03-21","BUY","5402.75","SMA-20"
"2012-03-22","BUY","5236.25","SMA-20"
"2012-03-23","BUY","5291","SMA-20"
"2012-03-26","BUY","5238","SMA-20"
"2012-03-27","BUY","5300.75","SMA-20"
"2012-03-28","BUY","5255.25","SMA-20"
"2012-03-29","BUY","5231.5","SMA-20"
"2012-03-30","BUY","5328.75","SMA-20"
"2012-04-02","BUY","5359.5","SMA-20"
"2012-04-03","BUY","5382","SMA-20"
"2012-04-04","SELL","5340.5","SMA-20"
"2012-04-09","SELL","5245.5","SMA-20"
"2012-04-10","BUY","5257.75","SMA-20"
"2012-04-11","BUY","5259","SMA-20"
"2012-04-12","BUY","5281.75","SMA-20"
"2012-04-13","BUY","5216","SMA-20"
"2012-04-16","BUY","5259.75","SMA-20"
"2012-04-17","BUY","5322","SMA-20"
"2012-04-18","BUY","5312.25","SMA-20"
"2012-04-19","SELL","5367.75","SMA-20"
"2012-04-20","SELL","5302","SMA-20"
"2012-04-23","BUY","5198.6","SMA-20"
"2012-04-24","BUY","5224.35","SMA-20"
"2012-04-25","BUY","5198.6","SMA-20"
"2012-04-26","BUY","5189","SMA-20"
"2012-04-27","BUY","5210.8","SMA-20"
"2012-04-28","BUY","5232.2","SMA-20"
"2012-04-30","SELL","5267.85","SMA-20"
"2012-05-02","BUY","5246.95","SMA-20"
"2012-05-03","BUY","5199.8","SMA-20"
"2012-05-04","BUY","5097.95","SMA-20"
"2012-05-07","BUY","5125.95","SMA-20"
"2012-05-08","BUY","5005.6","SMA-20"
"2012-05-09","BUY","4983.95","SMA-20"
"2012-05-10","BUY","4966.8","SMA-20"
"2012-05-11","BUY","4931.35","SMA-20"
"2012-05-14","BUY","4888.25","SMA-20"
"2012-05-15","BUY","4942.25","SMA-20"
"2012-05-16","BUY","4856.9","SMA-20"
"2012-05-17","BUY","4852.3","SMA-20"
"2012-05-18","BUY","4888.95","SMA-20"
"2012-05-21","BUY","4893.9","SMA-20"
"2012-05-22","BUY","4841.2","SMA-20"
"2012-05-23","BUY","4814.55","SMA-20"
"2012-05-24","BUY","4913.1","SMA-20"
"2012-05-25","BUY","4918.85","SMA-20"
"2012-05-28","BUY","4975.4","SMA-20"
"2012-05-29","BUY","4981.65","SMA-20"
"2012-05-30","BUY","4933.05","SMA-20"
"2012-05-31","BUY","4924.25","SMA-20"
"2012-06-01","BUY","4824.55","SMA-20"
"2012-06-04","BUY","4840.5","SMA-20"
"2012-06-05","BUY","4846.3","SMA-20"
"2012-06-06","BUY","4978.6","SMA-20"
"2012-06-07","BUY","5029.35","SMA-20"
"2012-06-08","SELL","5059.4","SMA-20"
"2012-06-11","SELL","5052.6","SMA-20"
"2012-06-12","SELL","5126.45","SMA-20"
"2012-06-13","SELL","5123","SMA-20"
"2012-06-14","SELL","5054.1","SMA-20"
"2012-06-15","SELL","5147.7","SMA-20"
"2012-06-18","SELL","5058.8","SMA-20"
"2012-06-19","SELL","5110.6","SMA-20"
"2012-06-20","SELL","5122.45","SMA-20"
"2012-06-21","SELL","5173.85","SMA-20"
"2012-06-22","SELL","5151.15","SMA-20"
"2012-06-25","SELL","5109.3","SMA-20"
"2012-06-26","SELL","5125.7","SMA-20"
"2012-06-27","SELL","5139.65","SMA-20"
"2012-06-28","SELL","5149.15","SMA-20"
"2012-06-29","SELL","5297.35","SMA-20"
"2012-07-02","SELL","5295.6","SMA-20"
"2012-07-03","SELL","5305.75","SMA-20"
"2012-07-04","SELL","5322.65","SMA-20"
"2012-07-05","SELL","5344.5","SMA-20"
"2012-07-06","SELL","5327.2","SMA-20"
"2012-07-09","SELL","5279.4","SMA-20"
"2012-07-10","SELL","5358.15","SMA-20"
"2012-07-11","SELL","5322.9","SMA-20"
"2012-07-12","SELL","5251.4","SMA-20"
"2012-07-13","SELL","5240.45","SMA-20"
"2012-07-16","SELL","5206.85","SMA-20"
"2012-07-17","SELL","5198.65","SMA-20"
"2012-07-18","SELL","5223.55","SMA-20"
"2012-07-19","SELL","5257","SMA-20"
"2012-07-20","SELL","5216.6","SMA-20"
"2012-07-23","SELL","5120.4","SMA-20"
"2012-07-24","SELL","5135.35","SMA-20"
"2012-07-25","SELL","5112.55","SMA-20"
"2012-07-26","BUY","5043","SMA-20"
"2012-07-27","BUY","5123.55","SMA-20"
"2012-07-30","BUY","5216.7","SMA-20"
"2012-07-31","BUY","5240.55","SMA-20"
"2012-08-01","BUY","5256.3","SMA-20"
"2012-08-02","BUY","5246.7","SMA-20"
"2012-08-03","BUY","5241.05","SMA-20"
"2012-08-06","BUY","5296.85","SMA-20"
"2012-08-07","SELL","5347.7","SMA-20"
"2012-08-08","BUY","5354.75","SMA-20"
"2012-08-09","SELL","5350.05","SMA-20"
"2012-08-10","SELL","5345.1","SMA-20"
"2012-08-13","SELL","5371.9","SMA-20"
"2012-08-14","SELL","5406.85","SMA-20"
"2012-08-16","SELL","5382","SMA-20"
"2012-08-17","SELL","5382.35","SMA-20"
"2012-08-21","SELL","5441.9","SMA-20"
"2012-08-22","SELL","5431.1","SMA-20"
"2012-08-23","SELL","5427.15","SMA-20"
"2012-08-24","SELL","5402.7","SMA-20"
"2012-08-27","SELL","5362.4","SMA-20"
"2012-08-28","SELL","5346.05","SMA-20"
"2012-08-29","SELL","5296.6","SMA-20"
"2012-08-30","SELL","5315.05","SMA-20"
"2012-08-31","SELL","5291.65","SMA-20"
"2012-09-03","SELL","5282.9","SMA-20"
"2012-09-04","SELL","5299.4","SMA-20"
"2012-09-05","SELL","5253.35","SMA-20"
"2012-09-06","BUY","5261.1","SMA-20"
"2012-09-07","BUY","5359.1","SMA-20"
"2012-09-08","SELL","5380.2","SMA-20"
"2012-09-10","SELL","5371.65","SMA-20"
"2012-09-11","SELL","5405.35","SMA-20"
"2012-09-12","SELL","5446.95","SMA-20"
"2012-09-13","SELL","5450.7","SMA-20"
"2012-09-14","SELL","5584.9","SMA-20"
"2012-09-17","SELL","5616.7","SMA-20"
"2012-09-18","SELL","5612.25","SMA-20"
"2012-09-20","SELL","5571","SMA-20"
"2012-09-21","SELL","5707.05","SMA-20"
"2012-09-24","SELL","5681.65","SMA-20"
"2012-09-25","SELL","5683","SMA-20"
"2012-09-26","SELL","5669.85","SMA-20"
"2012-09-27","SELL","5649.5","SMA-20"
"2012-09-28","SELL","5729.55","SMA-20"
"2012-10-01","SELL","5754.15","SMA-20"
"2012-10-03","SELL","5768.25","SMA-20"
"2012-10-04","SELL","5825.7","SMA-20"
"2012-10-05","SELL","5776.55","SMA-20"
"2012-10-08","SELL","5701","SMA-20"
"2012-10-09","SELL","5723.9","SMA-20"
"2012-10-10","SELL","5672.45","SMA-20"
"2012-10-11","SELL","5739.35","SMA-20"
"2012-10-12","SELL","5686.55","SMA-20"
"2012-10-15","SELL","5702.75","SMA-20"
"2012-10-16","SELL","5651.55","SMA-20"
"2012-10-17","SELL","5669.5","SMA-20"
"2012-10-18","SELL","5736.45","SMA-20"
"2012-10-19","SELL","5688.3","SMA-20"
"2012-10-22","SELL","5724.75","SMA-20"
"2012-10-23","SELL","5695.5","SMA-20"
"2012-10-25","SELL","5705.3","SMA-20"
"2012-10-26","SELL","5699.3","SMA-20"
"2012-10-29","SELL","5702.1","SMA-20"
"2012-10-30","SELL","5628","SMA-20"
"2012-10-31","BUY","5646.1","SMA-20"
"2012-11-01","BUY","5676","SMA-20"
"2012-11-02","BUY","5739.55","SMA-20"
"2012-11-05","BUY","5739.65","SMA-20"
"2012-11-06","BUY","5766.65","SMA-20"
"2012-11-07","SELL","5793.25","SMA-20"
"2012-11-08","SELL","5765.2","SMA-20"
"2012-11-09","SELL","5720.6","SMA-20"
"2012-11-12","BUY","5711.1","SMA-20"
"2012-11-13","SELL","5680.7","SMA-20"
"2012-11-15","BUY","5649.15","SMA-20"
"2012-11-16","BUY","5580.55","SMA-20"
"2012-11-19","BUY","5589.65","SMA-20"
"2012-11-20","BUY","5583.85","SMA-20"
"2012-11-21","BUY","5622.1","SMA-20"
"2012-11-22","BUY","5640.45","SMA-20"
"2012-11-23","BUY","5633.35","SMA-20"
"2012-11-26","BUY","5642.75","SMA-20"
"2012-11-27","BUY","5732.05","SMA-20"
"2012-11-29","SELL","5825","SMA-20"
"2012-11-30","SELL","5909.05","SMA-20"
"2012-12-03","SELL","5911.6","SMA-20"
"2012-12-04","SELL","5923.65","SMA-20"
"2012-12-05","SELL","5940.45","SMA-20"
"2012-12-06","SELL","5970.65","SMA-20"
"2012-12-07","SELL","5944.9","SMA-20"
"2012-12-10","SELL","5942.45","SMA-20"
"2012-12-11","SELL","5928.4","SMA-20"
"2012-12-12","SELL","5928.25","SMA-20"
"2012-12-13","SELL","5876.45","SMA-20"
"2012-12-14","SELL","5914.9","SMA-20"
"2012-12-17","SELL","5889.35","SMA-20"
"2012-12-18","SELL","5928.9","SMA-20"
"2012-12-19","SELL","5946.9","SMA-20"
"2012-12-20","SELL","5931.15","SMA-20"
"2012-12-21","SELL","5853.4","SMA-20"
"2012-12-24","SELL","5865.55","SMA-20"
"2012-12-26","SELL","5913.75","SMA-20"
"2012-12-27","SELL","5870.1","SMA-20"
"2012-12-28","SELL","5954.55","SMA-20"
"2012-12-31","SELL","5951.75","SMA-20"
"2013-01-01","SELL","6007.5","SMA-20"
"2013-01-02","SELL","6035.65","SMA-20"
"2013-01-03","SELL","6039.55","SMA-20"
"2013-01-04","SELL","6048","SMA-20"
"2013-01-07","SELL","6023.7","SMA-20"
"2013-01-08","SELL","6043.3","SMA-20"
"2013-01-09","SELL","5998.75","SMA-20"
"2013-01-10","SELL","6003.6","SMA-20"
"2013-01-11","SELL","5977.3","SMA-20"
"2013-01-14","SELL","6057.5","SMA-20"
"2013-01-15","SELL","6081.3","SMA-20"
"2013-01-16","SELL","6019.25","SMA-20"
"2013-01-17","SELL","6054.45","SMA-20"
"2013-01-18","SELL","6074.85","SMA-20"
"2013-01-21","SELL","6096.45","SMA-20"
"2013-01-22","SELL","6061.55","SMA-20"
"2013-01-23","SELL","6069.15","SMA-20"
"2013-01-24","SELL","6019.75","SMA-20"
"2013-01-25","SELL","6073.7","SMA-20"
"2013-01-28","SELL","6077.2","SMA-20"
"2013-01-29","SELL","6049.4","SMA-20"
"2013-01-30","SELL","6060.3","SMA-20"
"2013-01-31","SELL","6034.75","SMA-20"
"2013-02-01","BUY","6036.1","SMA-20"
"2013-02-04","BUY","5996.3","SMA-20"
"2013-02-05","BUY","5974.45","SMA-20"
"2013-02-06","BUY","5972.9","SMA-20"
"2013-02-07","BUY","5961.1","SMA-20"
"2013-02-08","BUY","5921.8","SMA-20"
"2013-02-11","BUY","5921.35","SMA-20"
"2013-02-12","BUY","5941.4","SMA-20"
"2013-02-13","BUY","5936.55","SMA-20"
"2013-02-14","BUY","5900.2","SMA-20"
"2013-02-15","BUY","5892.65","SMA-20"
"2013-02-18","BUY","5904.6","SMA-20"
"2013-02-19","BUY","5953.4","SMA-20"
"2013-02-20","BUY","5963.85","SMA-20"
"2013-02-21","BUY","5853.45","SMA-20"
"2013-02-22","BUY","5853.95","SMA-20"
"2013-02-25","BUY","5857.8","SMA-20"
"2013-02-26","BUY","5767","SMA-20"
"2013-02-27","BUY","5797.9","SMA-20"
"2013-02-28","BUY","5693.05","SMA-20"
"2013-03-01","BUY","5729.95","SMA-20"
"2013-03-04","BUY","5716.85","SMA-20"
"2013-03-05","BUY","5802.8","SMA-20"
"2013-03-06","BUY","5841.35","SMA-20"
"2013-03-07","BUY","5889.4","SMA-20"
"2013-03-08","BUY","5968.3","SMA-20"
"2013-03-11","SELL","5957.4","SMA-20"
"2013-03-12","SELL","5937.25","SMA-20"
"2013-03-13","BUY","5867.75","SMA-20"
"2013-03-14","BUY","5939.75","SMA-20"
"2013-03-15","SELL","5897.1","SMA-20"
"2013-03-18","SELL","5851.4","SMA-20"
"2013-03-19","BUY","5751.9","SMA-20"
"2013-03-20","BUY","5715.5","SMA-20"
"2013-03-21","BUY","5664.45","SMA-20"
"2013-03-22","BUY","5668.4","SMA-20"
"2013-03-25","BUY","5645.05","SMA-20"
"2013-03-26","BUY","5640.35","SMA-20"
"2013-03-28","BUY","5682.55","SMA-20"
"2013-04-01","BUY","5726.55","SMA-20"
"2013-04-02","SELL","5766.6","SMA-20"
"2013-04-03","SELL","5688.1","SMA-20"
"2013-04-04","BUY","5593.2","SMA-20"
"2013-04-05","BUY","5572.05","SMA-20"
"2013-04-08","BUY","5559","SMA-20"
"2013-04-09","BUY","5500.85","SMA-20"
"2013-04-10","BUY","5563.85","SMA-20"
"2013-04-11","BUY","5594.8","SMA-20"
"2013-04-12","BUY","5535.2","SMA-20"
"2013-04-15","BUY","5568.05","SMA-20"
"2013-04-16","BUY","5696.35","SMA-20"
"2013-04-17","BUY","5694.2","SMA-20"
"2013-04-18","BUY","5783","SMA-20"
"2013-04-22","SELL","5832.85","SMA-20"
"2013-04-23","SELL","5843","SMA-20"
"2013-04-25","SELL","5916.3","SMA-20"
"2013-04-26","SELL","5887.75","SMA-20"
"2013-04-29","SELL","5918.2","SMA-20"
"2013-04-30","SELL","5929","SMA-20"
"2013-05-02","SELL","6007.4","SMA-20"
"2013-05-03","SELL","5948.25","SMA-20"
"2013-05-06","SELL","5971.3","SMA-20"
"2013-05-07","SELL","6050.3","SMA-20"
"2013-05-08","SELL","6075.2","SMA-20"
"2013-05-09","SELL","6048.95","SMA-20"
"2013-05-10","SELL","6108.35","SMA-20"
"2013-05-11","SELL","6118.7","SMA-20"
"2013-05-13","SELL","5994.45","SMA-20"
"2013-05-14","SELL","6006","SMA-20"
"2013-05-15","SELL","6161.5","SMA-20"
"2013-05-16","SELL","6178.05","SMA-20"
"2013-05-17","SELL","6196.1","SMA-20"
"2013-05-20","SELL","6164.85","SMA-20"
"2013-05-21","SELL","6116.9","SMA-20"
"2013-05-22","SELL","6104.05","SMA-20"
"2013-05-23","SELL","5966.1","SMA-20"
"2013-05-24","SELL","5985.4","SMA-20"
"2013-05-27","SELL","6083.45","SMA-20"
"2013-05-28","SELL","6109.4","SMA-20"
"2013-05-29","SELL","6090.25","SMA-20"
"2013-05-30","SELL","6124.05","SMA-20"
"2013-05-31","SELL","6000.05","SMA-20"
"2013-06-03","SELL","5959.2","SMA-20"
"2013-06-04","BUY","5932.35","SMA-20"
"2013-06-05","BUY","5938.3","SMA-20"
"2013-06-06","BUY","5936.85","SMA-20"
"2013-06-07","BUY","5895.2","SMA-20"
"2013-06-10","BUY","5893.35","SMA-20"
"2013-06-11","BUY","5801.65","SMA-20"
"2013-06-12","BUY","5771.9","SMA-20"
"2013-06-13","BUY","5705.45","SMA-20"
"2013-06-14","BUY","5805.95","SMA-20"
"2013-06-17","BUY","5847.75","SMA-20"
"2013-06-18","BUY","5812","SMA-20"
"2013-06-19","BUY","5822.7","SMA-20"
"2013-06-20","BUY","5648.45","SMA-20"
"2013-06-21","BUY","5661.85","SMA-20"
"2013-06-24","BUY","5588.3","SMA-20"
"2013-06-25","BUY","5608.3","SMA-20"
"2013-06-26","BUY","5581.1","SMA-20"
"2013-06-27","BUY","5682.35","SMA-20"
"2013-06-28","BUY","5841.45","SMA-20"
"2013-07-01","BUY","5892.2","SMA-20"
"2013-07-02","BUY","5859.05","SMA-20"
"2013-07-03","BUY","5767.85","SMA-20"
"2013-07-04","BUY","5840.1","SMA-20"
"2013-07-05","BUY","5874.95","SMA-20"
"2013-07-08","BUY","5829.25","SMA-20"
"2013-07-09","BUY","5868.35","SMA-20"
"2013-07-10","SELL","5822.05","SMA-20"
"2013-07-11","SELL","5941.35","SMA-20"
"2013-07-12","SELL","6007.25","SMA-20"
"2013-07-15","SELL","6032.6","SMA-20"
"2013-07-16","SELL","5969.7","SMA-20"
"2013-07-17","SELL","5970.85","SMA-20"
"2013-07-18","SELL","6052.4","SMA-20"
"2013-07-19","SELL","6042.55","SMA-20"
"2013-07-22","SELL","6043.55","SMA-20"
"2013-07-23","SELL","6087","SMA-20"
"2013-07-24","SELL","6002.7","SMA-20"
"2013-07-25","SELL","5907.5","SMA-20"
"2013-07-26","SELL","5925.25","SMA-20"
"2013-07-29","SELL","5877.35","SMA-20"
"2013-07-30","BUY","5797.55","SMA-20"
"2013-07-31","BUY","5781.05","SMA-20"
"2013-08-01","SELL","5762.05","SMA-20"
"2013-08-02","BUY","5705.55","SMA-20"
"2013-08-05","BUY","5723.6","SMA-20"
"2013-08-06","BUY","5573.35","SMA-20"
"2013-08-07","BUY","5554.15","SMA-20"
"2013-08-08","BUY","5589.7","SMA-20"
"2013-08-12","BUY","5621.75","SMA-20"
"2013-08-13","BUY","5711.35","SMA-20"
"2013-08-14","BUY","5748.3","SMA-20"
"2013-08-16","BUY","5505","SMA-20"
"2013-08-19","BUY","5416.75","SMA-20"
"2013-08-20","BUY","5398.25","SMA-20"
"2013-08-21","BUY","5291.6","SMA-20"
"2013-08-22","BUY","5414.3","SMA-20"
"2013-08-23","BUY","5460.7","SMA-20"
"2013-08-26","BUY","5467.1","SMA-20"
"2013-08-27","BUY","5284.8","SMA-20"
"2013-08-28","BUY","5288.95","SMA-20"
"2013-08-29","BUY","5409.05","SMA-20"
"2013-08-30","BUY","5456.75","SMA-20"
"2013-09-02","BUY","5554.6","SMA-20"
"2013-09-03","BUY","5344.55","SMA-20"
"2013-09-04","BUY","5458.05","SMA-20"
"2013-09-05","BUY","5607.15","SMA-20"
"2013-09-06","SELL","5697.8","SMA-20"
"2013-09-10","SELL","5907.15","SMA-20"
"2013-09-11","SELL","5939.65","SMA-20"
"2013-09-12","SELL","5860.45","SMA-20"
"2013-09-13","SELL","5875.9","SMA-20"
"2013-09-16","SELL","5862.25","SMA-20"
"2013-09-17","SELL","5880.5","SMA-20"
"2013-09-18","SELL","5931.45","SMA-20"
"2013-09-19","SELL","6145.75","SMA-20"
"2013-09-20","SELL","6037.5","SMA-20"
"2013-09-23","SELL","5914.4","SMA-20"
"2013-09-24","SELL","5914.35","SMA-20"
"2013-09-25","SELL","5889","SMA-20"
"2013-09-26","SELL","5882.25","SMA-20"
"2013-09-27","SELL","5888.15","SMA-20"
"2013-09-30","SELL","5791.45","SMA-20"
"2013-10-01","SELL","5828.45","SMA-20"
"2013-10-03","SELL","5966.8","SMA-20"
"2013-10-04","SELL","5950.9","SMA-20"
"2013-10-07","SELL","5943.2","SMA-20"
"2013-10-08","SELL","5959.45","SMA-20"
"2013-10-09","SELL","6048.5","SMA-20"
"2013-10-10","SELL","6059.8","SMA-20"
"2013-10-11","SELL","6130.5","SMA-20"
"2013-10-14","SELL","6143.35","SMA-20"
"2013-10-15","SELL","6110.65","SMA-20"
"2013-10-17","SELL","6071","SMA-20"
"2013-10-18","SELL","6210.45","SMA-20"
"2013-10-21","SELL","6226.15","SMA-20"
"2013-10-22","SELL","6222.65","SMA-20"
"2013-10-23","SELL","6190.3","SMA-20"
"2013-10-24","SELL","6173.8","SMA-20"
"2013-10-25","SELL","6151.55","SMA-20"
"2013-10-28","SELL","6105.3","SMA-20"
"2013-10-29","SELL","6228.95","SMA-20"
"2013-10-30","SELL","6250.9","SMA-20"
"2013-10-31","SELL","6299.15","SMA-20"
"2013-11-01","SELL","6358.7","SMA-20"
"2013-11-03","SELL","6353.05","SMA-20"
"2013-11-05","SELL","6298.8","SMA-20"
"2013-11-06","SELL","6259.15","SMA-20"
"2013-11-07","SELL","6227.3","SMA-20"
"2013-11-08","SELL","6186.6","SMA-20"
"2013-11-11","SELL","6126.85","SMA-20"
"2013-11-12","BUY","6071.55","SMA-20"
"2013-11-13","BUY","6033","SMA-20"
"2013-11-14","BUY","6088.95","SMA-20"
"2013-11-18","SELL","6217.05","SMA-20"
"2013-11-19","SELL","6230.5","SMA-20"
"2013-11-20","SELL","6149.05","SMA-20"
"2013-11-21","BUY","6018.5","SMA-20"
"2013-11-22","BUY","6015.25","SMA-20"
"2013-11-25","BUY","6133.9","SMA-20"
"2013-11-26","BUY","6071.95","SMA-20"
"2013-11-27","BUY","6069.7","SMA-20"
"2013-11-28","BUY","6091.85","SMA-20"
"2013-11-29","BUY","6225.5","SMA-20"
"2013-12-02","BUY","6263.75","SMA-20"
"2013-12-03","BUY","6248.4","SMA-20"
"2013-12-04","BUY","6199.15","SMA-20"
"2013-12-05","BUY","6279.95","SMA-20"
"2013-12-06","SELL","6303.75","SMA-20"
"2013-12-09","SELL","6391.75","SMA-20"
"2013-12-10","SELL","6369.5","SMA-20"
"2013-12-11","SELL","6343.45","SMA-20"
"2013-12-12","SELL","6264.95","SMA-20"
"2013-12-13","SELL","6197.75","SMA-20"
"2013-12-16","SELL","6179.7","SMA-20"
"2013-12-17","BUY","6160.85","SMA-20"
"2013-12-18","BUY","6249.65","SMA-20"
"2013-12-19","SELL","6177.8","SMA-20"
"2013-12-20","SELL","6292.35","SMA-20"
"2013-12-23","SELL","6302.35","SMA-20"
"2013-12-24","SELL","6281.7","SMA-20"
"2013-12-26","SELL","6278.9","SMA-20"
"2013-12-27","SELL","6372.05","SMA-20"
"2013-12-30","SELL","6334.7","SMA-20"
"2013-12-31","SELL","6354.7","SMA-20"
"2014-01-01","SELL","6358.15","SMA-20"
"2014-01-02","SELL","6257.75","SMA-20"
"2014-01-03","SELL","6251.75","SMA-20"
"2014-01-06","BUY","6229.2","SMA-20"
"2014-01-07","BUY","6195.85","SMA-20"
"2014-01-08","BUY","6197.5","SMA-20"
"2014-01-09","BUY","6184.45","SMA-20"
"2014-01-10","BUY","6178.25","SMA-20"
"2014-01-13","BUY","6285.3","SMA-20"
"2014-01-14","SELL","6256.5","SMA-20"
"2014-01-15","SELL","6331.1","SMA-20"
"2014-01-16","SELL","6329.85","SMA-20"
"2014-01-17","SELL","6261.65","SMA-20"
"2014-01-20","SELL","6320.15","SMA-20"
"2014-01-21","SELL","6326.4","SMA-20"
"2014-01-22","SELL","6353","SMA-20"
"2014-01-23","SELL","6357.8","SMA-20"
"2014-01-24","SELL","6276.15","SMA-20"
"2014-01-27","BUY","6148.05","SMA-20"
"2014-01-28","BUY","6139.4","SMA-20"
"2014-01-29","BUY","6120.8","SMA-20"
"2014-01-30","BUY","6073.7","SMA-20"
"2014-01-31","BUY","6112","SMA-20"
"2014-02-03","BUY","6039.7","SMA-20"
"2014-02-04","BUY","6037.85","SMA-20"
"2014-02-05","BUY","6048.95","SMA-20"
"2014-02-06","BUY","6048.3","SMA-20"
"2014-02-07","BUY","6075.05","SMA-20"
"2014-02-10","BUY","6064.6","SMA-20"
"2014-02-11","BUY","6072.75","SMA-20"
"2014-02-12","BUY","6099.75","SMA-20"
"2014-02-13","BUY","6005.45","SMA-20"
"2014-02-14","BUY","6058","SMA-20"
"2014-02-17","BUY","6091.2","SMA-20"
"2014-02-18","BUY","6138.8","SMA-20"
"2014-02-19","BUY","6159.05","SMA-20"
"2014-02-20","BUY","6107.95","SMA-20"
"2014-02-21","BUY","6163.95","SMA-20"
"2014-02-24","BUY","6193.2","SMA-20"
"2014-02-25","SELL","6209.05","SMA-20"
"2014-02-26","SELL","6238.8","SMA-20"
"2014-02-28","SELL","6289.25","SMA-20"
"2014-03-03","SELL","6239.45","SMA-20"
"2014-03-04","SELL","6333.85","SMA-20"
"2014-03-05","SELL","6352.3","SMA-20"
"2014-03-06","SELL","6430.1","SMA-20"
"2014-03-07","SELL","6549.7","SMA-20"
"2014-03-10","SELL","6567.55","SMA-20"
"2014-03-11","SELL","6545.3","SMA-20"
"2014-03-12","SELL","6549.25","SMA-20"
"2014-03-13","SELL","6519.6","SMA-20"
"2014-03-14","SELL","6538.85","SMA-20"
"2014-03-18","SELL","6547.5","SMA-20"
"2014-03-19","SELL","6550.2","SMA-20"
"2014-03-20","SELL","6502.55","SMA-20"
"2014-03-21","SELL","6510.7","SMA-20"
"2014-03-22","SELL","6512.15","SMA-20"
"2014-03-24","SELL","6598.85","SMA-20"
"2014-03-25","SELL","6605.95","SMA-20"
"2014-03-26","SELL","6612.55","SMA-20"
"2014-03-27","SELL","6641.75","SMA-20"
"2014-03-28","SELL","6728.65","SMA-20"
"2014-03-31","SELL","6739.65","SMA-20"
"2014-04-01","SELL","6756.25","SMA-20"
"2014-04-02","SELL","6790.2","SMA-20"
"2014-04-03","SELL","6768.45","SMA-20"
"2014-04-04","SELL","6744.2","SMA-20"
"2014-04-07","SELL","6736.7","SMA-20"
"2014-04-09","SELL","6835.5","SMA-20"
"2014-04-10","SELL","6825.05","SMA-20"
"2014-04-11","SELL","6803.55","SMA-20"
"2014-04-15","SELL","6753.95","SMA-20"
"2014-04-16","SELL","6697.3","SMA-20"
"2014-04-17","SELL","6799.95","SMA-20"
"2014-04-21","SELL","6838.15","SMA-20"
"2014-04-22","SELL","6829.6","SMA-20"
"2014-04-23","SELL","6840.8","SMA-20"
"2014-04-25","SELL","6826.3","SMA-20"
"2014-04-28","SELL","6820","SMA-20"
"2014-04-29","SELL","6760.3","SMA-20"
"2014-04-30","SELL","6726.45","SMA-20"
"2014-05-02","SELL","6726.7","SMA-20"
"2014-05-05","BUY","6735.5","SMA-20"
"2014-05-06","BUY","6746.7","SMA-20"
"2014-05-07","BUY","6681.65","SMA-20"
"2014-05-08","BUY","6680.95","SMA-20"
"2014-05-09","BUY","6887.4","SMA-20"
"2014-05-12","SELL","7043.05","SMA-20"
"2014-05-13","SELL","7135.3","SMA-20"
"2014-05-14","SELL","7141.05","SMA-20"
"2014-05-15","SELL","7143.1","SMA-20"
"2014-05-16","SELL","7244.4","SMA-20"
"2014-05-19","SELL","7279.9","SMA-20"
"2014-05-20","SELL","7300.6","SMA-20"
"2014-05-21","SELL","7280","SMA-20"
"2014-05-22","SELL","7293.7","SMA-20"
"2014-05-23","SELL","7382.1","SMA-20"
"2014-05-26","SELL","7361.8","SMA-20"
"2014-05-27","SELL","7320.1","SMA-20"
"2014-05-28","SELL","7332.1","SMA-20"
"2014-05-29","SELL","7235.65","SMA-20"
"2014-05-30","SELL","7233.65","SMA-20"
"2014-06-02","SELL","7370.95","SMA-20"
"2014-06-03","SELL","7421.4","SMA-20"
"2014-06-04","SELL","7416.4","SMA-20"
"2014-06-05","SELL","7486.75","SMA-20"
"2014-06-06","SELL","7590.75","SMA-20"
"2014-06-09","SELL","7669.75","SMA-20"
"2014-06-10","SELL","7668.3","SMA-20"
"2014-06-11","SELL","7637.15","SMA-20"
"2014-06-12","SELL","7664.65","SMA-20"
"2014-06-13","SELL","7560","SMA-20"
"2014-06-16","SELL","7559.2","SMA-20"
"2014-06-17","SELL","7657.4","SMA-20"
"2014-06-18","SELL","7569.4","SMA-20"
"2014-06-19","SELL","7560.1","SMA-20"
"2014-06-20","SELL","7525.35","SMA-20"
"2014-06-23","SELL","7505.75","SMA-20"
"2014-06-24","SELL","7595.55","SMA-20"
"2014-06-25","SELL","7574.9","SMA-20"
"2014-06-26","SELL","7493.2","SMA-20"
"2014-06-27","SELL","7543.9","SMA-20"
"2014-06-30","SELL","7634.35","SMA-20"
"2014-07-01","SELL","7662.65","SMA-20"
"2014-07-02","SELL","7749.85","SMA-20"
"2014-07-03","SELL","7736.05","SMA-20"
"2014-07-04","SELL","7782.5","SMA-20"
"2014-07-07","SELL","7798.6","SMA-20"
"2014-07-08","SELL","7648.75","SMA-20"
"2014-07-09","BUY","7598.65","SMA-20"
"2014-07-10","BUY","7576.65","SMA-20"
"2014-07-11","BUY","7480.15","SMA-20"
"2014-07-14","BUY","7475.8","SMA-20"
"2014-07-15","BUY","7538.6","SMA-20"
"2014-07-16","BUY","7643.05","SMA-20"
"2014-07-17","SELL","7658.75","SMA-20"
"2014-07-18","SELL","7669.35","SMA-20"
"2014-07-21","SELL","7686.2","SMA-20"
"2014-07-22","SELL","7767.95","SMA-20"
"2014-07-23","SELL","7791.55","SMA-20"
"2014-07-24","SELL","7833.75","SMA-20"
"2014-07-25","SELL","7785.7","SMA-20"
"2014-07-28","SELL","7743.25","SMA-20"
"2014-07-30","SELL","7788.3","SMA-20"
"2014-07-31","SELL","7721.3","SMA-20"
"2014-08-01","BUY","7622.6","SMA-20"
"2014-08-04","BUY","7718.2","SMA-20"
"2014-08-05","BUY","7772.85","SMA-20"
"2014-08-06","BUY","7691.45","SMA-20"
"2014-08-07","SELL","7669.65","SMA-20"
"2014-08-08","SELL","7591.65","SMA-20"
"2014-08-11","SELL","7641.4","SMA-20"
"2014-08-12","SELL","7748.25","SMA-20"
"2014-08-13","SELL","7746.35","SMA-20"
"2014-08-14","SELL","7803.7","SMA-20"
"2014-08-18","SELL","7877.7","SMA-20"
"2014-08-19","SELL","7909.65","SMA-20"
"2014-08-20","SELL","7890.7","SMA-20"
"2014-08-21","SELL","7903.15","SMA-20"
"2014-08-22","SELL","7927.55","SMA-20"
"2014-08-25","SELL","7915.45","SMA-20"
"2014-08-26","SELL","7906.5","SMA-20"
"2014-08-27","SELL","7931.6","SMA-20"
"2014-08-28","SELL","7954.35","SMA-20"
"2014-09-01","SELL","8069.45","SMA-20"
"2014-09-02","SELL","8121.45","SMA-20"
"2014-09-03","SELL","8140.45","SMA-20"
"2014-09-04","SELL","8132.4","SMA-20"
"2014-09-05","SELL","8116.7","SMA-20"
"2014-09-08","SELL","8193.1","SMA-20"
"2014-09-09","SELL","8182.2","SMA-20"
"2014-09-10","SELL","8130.7","SMA-20"
"2014-09-11","SELL","8119.4","SMA-20"
"2014-09-12","SELL","8137.85","SMA-20"
"2014-09-15","SELL","8062.55","SMA-20"
"2014-09-16","SELL","7960.85","SMA-20"
"2014-09-17","SELL","7992.85","SMA-20"
"2014-09-18","SELL","8136.7","SMA-20"
"2014-09-19","SELL","8131","SMA-20"
"2014-09-22","SELL","8158.45","SMA-20"
"2014-09-23","SELL","8032.2","SMA-20"
"2014-09-24","SELL","8015.2","SMA-20"
"2014-09-25","SELL","7911.85","SMA-20"
"2014-09-26","BUY","8031.9","SMA-20"
"2014-09-29","SELL","7993.9","SMA-20"
"2014-09-30","BUY","7999.15","SMA-20"
"2014-10-01","BUY","7983.65","SMA-20"
"2014-10-07","BUY","7890.9","SMA-20"
"2014-10-08","BUY","7895.5","SMA-20"
"2014-10-09","BUY","7990.35","SMA-20"
"2014-10-10","BUY","7886.8","SMA-20"
"2014-10-13","BUY","7911.4","SMA-20"
"2014-10-14","BUY","7895.25","SMA-20"
"2014-10-16","BUY","7778.1","SMA-20"
"2014-10-17","BUY","7817.05","SMA-20"
"2014-10-20","BUY","7897.25","SMA-20"
"2014-10-21","BUY","7946.4","SMA-20"
"2014-10-22","BUY","8013.8","SMA-20"
"2014-10-23","BUY","8023.85","SMA-20"
"2014-10-27","BUY","7998","SMA-20"
"2014-10-28","BUY","8040.35","SMA-20"
"2014-10-29","SELL","8089.15","SMA-20"
"2014-10-30","SELL","8169.2","SMA-20"
"2014-10-31","SELL","8352.7","SMA-20"
"2014-11-03","SELL","8361.05","SMA-20"
"2014-11-05","SELL","8380.15","SMA-20"
"2014-11-07","SELL","8381.65","SMA-20"
"2014-11-10","SELL","8379.5","SMA-20"
"2014-11-11","SELL","8395.85","SMA-20"
"2014-11-12","SELL","8418.8","SMA-20"
"2014-11-13","SELL","8380.1","SMA-20"
"2014-11-14","SELL","8416.65","SMA-20"
"2014-11-17","SELL","8452.95","SMA-20"
"2014-11-18","SELL","8451.9","SMA-20"
"2014-11-19","SELL","8409.55","SMA-20"
"2014-11-20","SELL","8420.35","SMA-20"
"2014-11-21","SELL","8492.4","SMA-20"
"2014-11-24","SELL","8535.5","SMA-20"
"2014-11-25","SELL","8466.5","SMA-20"
"2014-11-26","SELL","8479.4","SMA-20"
"2014-11-27","SELL","8494.2","SMA-20"
"2014-11-28","SELL","8638.35","SMA-20"
"2014-12-01","SELL","8595.9","SMA-20"
"2014-12-02","SELL","8575.35","SMA-20"
"2014-12-03","SELL","8578.75","SMA-20"
"2014-12-04","SELL","8605.75","SMA-20"
"2014-12-05","SELL","8582.55","SMA-20"
"2014-12-08","SELL","8489.75","SMA-20"
"2014-12-09","SELL","8393.45","SMA-20"
"2014-12-10","BUY","8406.8","SMA-20"
"2014-12-11","BUY","8342.1","SMA-20"
"2014-12-12","BUY","8276.9","SMA-20"
"2014-12-15","BUY","8267.2","SMA-20"
"2014-12-16","BUY","8116","SMA-20"
"2014-12-17","BUY","8060.85","SMA-20"
"2014-12-18","BUY","8180.8","SMA-20"
"2014-12-19","BUY","8239.85","SMA-20"
"2014-12-22","BUY","8334.2","SMA-20"
"2014-12-23","BUY","8271.55","SMA-20"
"2014-12-24","BUY","8174.1","SMA-20"
"2014-12-26","BUY","8273.75","SMA-20"
"2014-12-29","BUY","8316.45","SMA-20"
"2014-12-30","BUY","8317.95","SMA-20"
"2014-12-31","BUY","8337.85","SMA-20"
"2015-01-01","BUY","8343.8","SMA-20"
"2015-01-02","BUY","8458.4","SMA-20"
"2015-01-05","BUY","8422.85","SMA-20"
"2015-01-06","BUY","8157.9","SMA-20"
"2015-01-07","BUY","8141.85","SMA-20"
"2015-01-08","BUY","8257.25","SMA-20"
"2015-01-09","BUY","8315.5","SMA-20"
"2015-01-12","BUY","8360.55","SMA-20"
"2015-01-13","SELL","8316.5","SMA-20"
"2015-01-14","SELL","8307.35","SMA-20"
"2015-01-15","SELL","8515.05","SMA-20"
"2015-01-16","SELL","8535.05","SMA-20"
"2015-01-19","SELL","8574.1","SMA-20"
"2015-01-20","SELL","8717.15","SMA-20"
"2015-01-21","SELL","8738.5","SMA-20"
"2015-01-22","SELL","8779.15","SMA-20"
"2015-01-23","SELL","8844.4","SMA-20"
"2015-01-27","SELL","8922.65","SMA-20"
"2015-01-28","SELL","8904.65","SMA-20"
"2015-01-29","SELL","8952.35","SMA-20"
"2015-01-30","SELL","8872.65","SMA-20"
"2015-02-02","SELL","8859.65","SMA-20"
"2015-02-03","SELL","8809.9","SMA-20"
"2015-02-04","SELL","8776.35","SMA-20"
"2015-02-05","SELL","8751.3","SMA-20"
"2015-02-06","SELL","8711.9","SMA-20"
"2015-02-09","SELL","8562.9","SMA-20"
"2015-02-10","SELL","8611.4","SMA-20"
"2015-02-11","SELL","8670.9","SMA-20"
"2015-02-12","SELL","8752.2","SMA-20"
"2015-02-13","SELL","8841.55","SMA-20"
"2015-02-16","SELL","8845.05","SMA-20"
"2015-02-18","SELL","8891.3","SMA-20"
"2015-02-19","SELL","8916.15","SMA-20"
"2015-02-20","SELL","8849.45","SMA-20"
"2015-02-23","SELL","8753.45","SMA-20"
"2015-02-24","BUY","8773.3","SMA-20"
"2015-02-25","BUY","8767.15","SMA-20"
"2015-02-26","BUY","8683.85","SMA-20"
"2015-02-27","BUY","8889.95","SMA-20"
"2015-02-28","BUY","8964.65","SMA-20"
"2015-03-02","SELL","9000.7","SMA-20"
"2015-03-03","SELL","9054.85","SMA-20"
"2015-03-04","SELL","8956.35","SMA-20"
"2015-03-05","SELL","8988.75","SMA-20"
"2015-03-09","SELL","8784.85","SMA-20"
"2015-03-10","SELL","8760.3","SMA-20"
"2015-03-11","SELL","8752.15","SMA-20"
"2015-03-12","SELL","8813.05","SMA-20"
"2015-03-13","SELL","8674.4","SMA-20"
"2015-03-16","BUY","8665.6","SMA-20"
"2015-03-17","BUY","8740.2","SMA-20"
"2015-03-18","BUY","8704.7","SMA-20"
"2015-03-19","BUY","8635.85","SMA-20"
"2015-03-20","BUY","8602.05","SMA-20"
"2015-03-23","BUY","8565","SMA-20"
"2015-03-24","BUY","8573.85","SMA-20"
"2015-03-25","BUY","8535","SMA-20"
"2015-03-26","BUY","8342.15","SMA-20"
"2015-03-27","BUY","8434.9","SMA-20"
"2015-03-30","BUY","8557.5","SMA-20"
"2015-03-31","BUY","8534.75","SMA-20"
"2015-04-01","BUY","8633.1","SMA-20"
"2015-04-06","BUY","8689.8","SMA-20"
"2015-04-07","BUY","8711.3","SMA-20"
"2015-04-08","BUY","8762.65","SMA-20"
"2015-04-09","BUY","8811.1","SMA-20"
"2015-04-10","SELL","8811.45","SMA-20"
"2015-04-13","SELL","8855.45","SMA-20"
"2015-04-15","SELL","8786.15","SMA-20"
"2015-04-16","SELL","8726.15","SMA-20"
"2015-04-17","SELL","8638.85","SMA-20"
"2015-04-20","BUY","8469.9","SMA-20"
"2015-04-21","BUY","8400.45","SMA-20"
"2015-04-22","BUY","8461.2","SMA-20"
"2015-04-23","BUY","8405.35","SMA-20"
"2015-04-24","BUY","8318.8","SMA-20"
"2015-04-27","BUY","8223","SMA-20"
"2015-04-28","BUY","8292.4","SMA-20"
"2015-04-29","BUY","8238.25","SMA-20"
"2015-04-30","BUY","8181.5","SMA-20"
"2015-05-04","BUY","8372.25","SMA-20"
"2015-05-05","BUY","8361.7","SMA-20"
"2015-05-06","BUY","8121.75","SMA-20"
"2015-05-07","BUY","8082.15","SMA-20"
"2015-05-08","BUY","8210.55","SMA-20"
"2015-05-11","BUY","8342.15","SMA-20"
"2015-05-12","BUY","8131.25","SMA-20"
"2015-05-13","BUY","8250.75","SMA-20"
"2015-05-14","BUY","8237.8","SMA-20"
"2015-05-15","BUY","8261.2","SMA-20"
"2015-05-18","BUY","8372.8","SMA-20"
"2015-05-19","BUY","8366.3","SMA-20"
"2015-05-20","BUY","8424.3","SMA-20"
"2015-05-21","SELL","8419.1","SMA-20"
"2015-05-22","BUY","8452.05","SMA-20"
"2015-05-25","SELL","8368.45","SMA-20"
"2015-05-26","SELL","8337.9","SMA-20"
"2015-05-27","SELL","8331.75","SMA-20"
"2015-05-28","SELL","8319","SMA-20"
"2015-05-29","SELL","8458.65","SMA-20"
"2015-06-01","SELL","8431.65","SMA-20"
"2015-06-02","SELL","8225.35","SMA-20"
"2015-06-03","BUY","8136.35","SMA-20"
"2015-06-04","SELL","8141.6","SMA-20"
"2015-06-05","SELL","8114.25","SMA-20"
"2015-06-08","BUY","8044.2","SMA-20"
"2015-06-09","BUY","8030.6","SMA-20"
"2015-06-10","BUY","8120.05","SMA-20"
"2015-06-11","BUY","7959.2","SMA-20"
"2015-06-12","BUY","7978.7","SMA-20"
"2015-06-15","BUY","8009.2","SMA-20"
"2015-06-16","BUY","8047","SMA-20"
"2015-06-17","BUY","8079.05","SMA-20"
"2015-06-18","BUY","8157.55","SMA-20"
"2015-06-19","BUY","8237.6","SMA-20"
"2015-06-22","BUY","8353.15","SMA-20"
"2015-06-23","BUY","8377.4","SMA-20"
"2015-06-24","SELL","8350.3","SMA-20"
"2015-06-25","SELL","8398","SMA-20"
"2015-06-26","SELL","8381.65","SMA-20"
"2015-06-29","BUY","8319.15","SMA-20"
"2015-06-30","BUY","8377.8","SMA-20"
"2015-07-01","SELL","8455.2","SMA-20"
"2015-07-02","SELL","8438.3","SMA-20"
"2015-07-03","SELL","8488","SMA-20"
"2015-07-06","SELL","8537.75","SMA-20"
"2015-07-07","SELL","8516.6","SMA-20"
"2015-07-08","SELL","8378","SMA-20"
"2015-07-09","SELL","8346.1","SMA-20"
"2015-07-10","SELL","8385.55","SMA-20"
"2015-07-13","SELL","8481.95","SMA-20"
"2015-07-14","SELL","8465.9","SMA-20"
"2015-07-15","SELL","8542.05","SMA-20"
"2015-07-16","SELL","8626.65","SMA-20"
"2015-07-17","SELL","8625.05","SMA-20"
"2015-07-20","SELL","8628.25","SMA-20"
"2015-07-21","SELL","8545","SMA-20"
"2015-07-22","SELL","8648.4","SMA-20"
"2015-07-23","SELL","8603.7","SMA-20"
"2015-07-24","SELL","8534.35","SMA-20"
"2015-07-27","SELL","8372.8","SMA-20"
"2015-07-28","SELL","8350.95","SMA-20"
"2015-07-29","BUY","8377.65","SMA-20"
"2015-07-30","BUY","8421.8","SMA-20"
"2015-07-31","BUY","8569.65","SMA-20"
"2015-08-03","SELL","8561.7","SMA-20"
"2015-08-04","SELL","8547.55","SMA-20"
"2015-08-05","SELL","8592.65","SMA-20"
"2015-08-06","SELL","8615","SMA-20"
"2015-08-07","SELL","8594.1","SMA-20"
"2015-08-10","SELL","8544.3","SMA-20"
"2015-08-11","SELL","8490.8","SMA-20"
"2015-08-12","SELL","8365.45","SMA-20"
"2015-08-13","BUY","8381","SMA-20"
"2015-08-14","BUY","8542.7","SMA-20"
"2015-08-17","BUY","8488.05","SMA-20"
"2015-08-18","BUY","8481.7","SMA-20"
"2015-08-19","BUY","8505.4","SMA-20"
"2015-08-20","BUY","8380.05","SMA-20"
"2015-08-21","BUY","8306.35","SMA-20"
"2015-08-24","BUY","7806.35","SMA-20"
"2015-08-25","BUY","7896.2","SMA-20"
"2015-08-26","BUY","7800.7","SMA-20"
"2015-08-27","BUY","7948.95","SMA-20"
"2015-08-28","BUY","8022.7","SMA-20"
"2015-08-31","BUY","8000.05","SMA-20"
"2015-09-01","BUY","7798.8","SMA-20"
"2015-09-02","BUY","7742.15","SMA-20"
"2015-09-03","BUY","7842.55","SMA-20"
"2015-09-04","BUY","7664.35","SMA-20"
"2015-09-07","BUY","7574.5","SMA-20"
"2015-09-08","BUY","7719.4","SMA-20"
"2015-09-09","BUY","7826.7","SMA-20"
"2015-09-10","BUY","7808.25","SMA-20"
"2015-09-11","BUY","7789.35","SMA-20"
"2015-09-14","BUY","7875.2","SMA-20"
"2015-09-15","BUY","7828.55","SMA-20"
"2015-09-16","BUY","7896.3","SMA-20"
"2015-09-18","BUY","7982.55","SMA-20"
"2015-09-21","BUY","7980.05","SMA-20"
"2015-09-22","BUY","7797.1","SMA-20"
"2015-09-23","BUY","7855.45","SMA-20"
"2015-09-24","BUY","7868.5","SMA-20"
"2015-09-28","SELL","7825.5","SMA-20"
"2015-09-29","BUY","7875.85","SMA-20"
"2015-09-30","BUY","7980.35","SMA-20"
"2015-10-01","BUY","7976.95","SMA-20"
"2015-10-05","SELL","8132.8","SMA-20"
"2015-10-06","SELL","8160.55","SMA-20"
"2015-10-07","SELL","8194.65","SMA-20"
"2015-10-08","SELL","8157.25","SMA-20"
"2015-10-09","SELL","8205.35","SMA-20"
"2015-10-12","SELL","8149.6","SMA-20"
"2015-10-13","SELL","8138.8","SMA-20"
"2015-10-14","SELL","8121.4","SMA-20"
"2015-10-15","SELL","8187","SMA-20"
"2015-10-16","SELL","8259.45","SMA-20"
"2015-10-19","SELL","8270.75","SMA-20"
"2015-10-20","SELL","8253.9","SMA-20"
"2015-10-21","SELL","8262.3","SMA-20"
"2015-10-23","SELL","8304.15","SMA-20"
"2015-10-26","SELL","8263.6","SMA-20"
"2015-10-27","SELL","8244.25","SMA-20"
"2015-10-28","SELL","8173.6","SMA-20"
"2015-10-29","SELL","8111.75","SMA-20"
"2015-10-30","SELL","8094.7","SMA-20"
"2015-11-02","SELL","8076.15","SMA-20"
"2015-11-03","SELL","8087.25","SMA-20"
"2015-11-04","BUY","8070.05","SMA-20"
"2015-11-05","BUY","7989.4","SMA-20"
"2015-11-06","BUY","7977.4","SMA-20"
"2015-11-09","BUY","7936.05","SMA-20"
"2015-11-10","BUY","7802.5","SMA-20"
"2015-11-11","BUY","7825.05","SMA-20"
"2015-11-13","BUY","7774.3","SMA-20"
"2015-11-16","BUY","7827.25","SMA-20"
"2015-11-17","BUY","7852.6","SMA-20"
"2015-11-18","BUY","7731.95","SMA-20"
"2015-11-19","BUY","7858.35","SMA-20"
"2015-11-20","BUY","7851.6","SMA-20"
"2015-11-23","BUY","7851.25","SMA-20"
"2015-11-24","BUY","7832.25","SMA-20"
"2015-11-26","BUY","7883.8","SMA-20"
"2015-11-27","BUY","7972.2","SMA-20"
"2015-11-30","BUY","7980.1","SMA-20"
"2015-12-01","BUY","7987.75","SMA-20"
"2015-12-02","BUY","7962.9","SMA-20"
"2015-12-03","BUY","7890.8","SMA-20"
"2015-12-04","BUY","7820.5","SMA-20"
"2015-12-07","BUY","7808.8","SMA-20"
"2015-12-08","BUY","7728.6","SMA-20"
"2015-12-09","BUY","7644.35","SMA-20"
"2015-12-10","BUY","7710.75","SMA-20"
"2015-12-11","BUY","7627.9","SMA-20"
"2015-12-14","BUY","7668","SMA-20"
"2015-12-15","BUY","7709.4","SMA-20"
"2015-12-16","BUY","7758.2","SMA-20"
"2015-12-17","BUY","7856.4","SMA-20"
"2015-12-18","SELL","7790.1","SMA-20"
"2015-12-21","BUY","7841.45","SMA-20"
"2015-12-22","BUY","7785.1","SMA-20"
"2015-12-23","BUY","7864","SMA-20"
"2015-12-24","SELL","7871.75","SMA-20"
"2015-12-28","BUY","7908.55","SMA-20"
"2015-12-29","BUY","7932.05","SMA-20"
"2015-12-30","BUY","7901.9","SMA-20"
"2015-12-31","BUY","7946.35","SMA-20"
"2016-01-01","BUY","7982","SMA-20"
"2016-01-04","SELL","7809.8","SMA-20"
"2016-01-05","BUY","7802.75","SMA-20"
"2016-01-06","BUY","7750.05","SMA-20"
"2016-01-07","SELL","7582.05","SMA-20"
"2016-01-08","BUY","7605.2","SMA-20"
"2016-01-11","BUY","7583.75","SMA-20"
"2016-01-12","BUY","7534.05","SMA-20"
"2016-01-13","BUY","7574.55","SMA-20"
"2016-01-14","BUY","7540.55","SMA-20"
"2016-01-15","BUY","7446.25","SMA-20"
"2016-01-18","BUY","7372.25","SMA-20"
"2016-01-19","BUY","7438.1","SMA-20"
"2016-01-20","BUY","7306.95","SMA-20"
"2016-01-21","BUY","7290.85","SMA-20"
"2016-01-22","BUY","7430.7","SMA-20"
"2016-01-25","BUY","7435.45","SMA-20"
"2016-01-27","BUY","7433.4","SMA-20"
"2016-01-28","BUY","7424.65","SMA-20"
"2016-01-29","BUY","7568.05","SMA-20"
"2016-02-01","BUY","7565.35","SMA-20"
"2016-02-02","BUY","7474.95","SMA-20"
"2016-02-03","BUY","7383.5","SMA-20"
"2016-02-04","BUY","7422.65","SMA-20"
"2016-02-05","BUY","7519.2","SMA-20"
"2016-02-08","BUY","7393.45","SMA-20"
"2016-02-09","BUY","7325.05","SMA-20"
"2016-02-10","BUY","7246.55","SMA-20"
"2016-02-11","BUY","6993.45","SMA-20"
"2016-02-12","BUY","6990","SMA-20"
"2016-02-15","BUY","7161.45","SMA-20"
"2016-02-16","BUY","7054.1","SMA-20"
"2016-02-17","BUY","7120.9","SMA-20"
"2016-02-18","BUY","7190.85","SMA-20"
"2016-02-19","BUY","7212.45","SMA-20"
"2016-02-22","BUY","7240.7","SMA-20"
"2016-02-23","BUY","7113.1","SMA-20"
"2016-02-24","BUY","7019.05","SMA-20"
"2016-02-25","BUY","6970.6","SMA-20"
"2016-02-26","BUY","7055.15","SMA-20"
"2016-02-29","BUY","7008.95","SMA-20"
"2016-03-01","BUY","7229.05","SMA-20"
"2016-03-02","BUY","7361.55","SMA-20"
"2016-03-03","BUY","7449.55","SMA-20"
"2016-03-04","SELL","7460.35","SMA-20"
"2016-03-08","BUY","7452.65","SMA-20"
"2016-03-09","SELL","7535.05","SMA-20"
"2016-03-10","SELL","7483.7","SMA-20"
"2016-03-11","SELL","7512.2","SMA-20"
"2016-03-14","SELL","7546.85","SMA-20"
"2016-03-15","SELL","7485.4","SMA-20"
"2016-03-16","SELL","7527","SMA-20"
"2016-03-17","SELL","7512.75","SMA-20"
"2016-03-18","SELL","7605.3","SMA-20"
"2016-03-21","SELL","7713.35","SMA-20"
"2016-03-22","SELL","7726.25","SMA-20"
"2016-03-23","SELL","7736.3","SMA-20"
"2016-03-28","SELL","7638.6","SMA-20"
"2016-03-29","SELL","7620.05","SMA-20"
"2016-03-30","SELL","7741","SMA-20"
"2016-03-31","SELL","7738.4","SMA-20"
"2016-04-01","SELL","7748.75","SMA-20"
"2016-04-04","SELL","7790.75","SMA-20"
"2016-04-05","SELL","7623.5","SMA-20"
"2016-04-06","SELL","7634.7","SMA-20"
"2016-04-07","SELL","7565.05","SMA-20"
"2016-04-08","SELL","7578.1","SMA-20"
"2016-04-11","SELL","7702.1","SMA-20"
"2016-04-12","SELL","7732.8","SMA-20"
"2016-04-13","SELL","7867.85","SMA-20"
"2016-04-18","SELL","7920.3","SMA-20"
"2016-04-20","SELL","7929.85","SMA-20"
"2016-04-21","SELL","7913.35","SMA-20"
"2016-04-22","SELL","7911.15","SMA-20"
"2016-04-25","SELL","7865","SMA-20"
"2016-04-26","SELL","7979.15","SMA-20"
"2016-04-27","SELL","7990.35","SMA-20"
"2016-04-28","SELL","7847.25","SMA-20"
"2016-04-29","SELL","7894.8","SMA-20"
"2016-05-02","SELL","7840.1","SMA-20"
"2016-05-03","SELL","7783.8","SMA-20"
"2016-05-04","SELL","7732.75","SMA-20"
"2016-05-05","BUY","7773.1","SMA-20"
"2016-05-06","BUY","7760.25","SMA-20"
"2016-05-09","SELL","7904.3","SMA-20"
"2016-05-10","SELL","7919.75","SMA-20"
"2016-05-11","SELL","7865.85","SMA-20"
"2016-05-12","SELL","7928.2","SMA-20"
"2016-05-13","SELL","7830.55","SMA-20"
"2016-05-16","SELL","7887.2","SMA-20"
"2016-05-17","SELL","7907.6","SMA-20"
"2016-05-18","BUY","7879.3","SMA-20"
"2016-05-19","BUY","7785.1","SMA-20"
"2016-05-20","BUY","7763.35","SMA-20"
"2016-05-23","BUY","7744.85","SMA-20"
"2016-05-24","BUY","7759.3","SMA-20"
"2016-05-25","BUY","7943","SMA-20"
"2016-05-26","BUY","8069.65","SMA-20"
"2016-05-27","SELL","8172.45","SMA-20"
"2016-05-30","SELL","8194.3","SMA-20"
"2016-05-31","SELL","8190.9","SMA-20"
"2016-06-01","SELL","8194.55","SMA-20"
"2016-06-02","SELL","8243.25","SMA-20"
"2016-06-03","SELL","8238.9","SMA-20"
"2016-06-06","SELL","8229.8","SMA-20"
"2016-06-07","SELL","8283.15","SMA-20"
"2016-06-08","SELL","8284.2","SMA-20"
"2016-06-09","SELL","8229.35","SMA-20"
"2016-06-10","SELL","8190.4","SMA-20"
"2016-06-13","SELL","8130.65","SMA-20"
"2016-06-14","SELL","8120.55","SMA-20"
"2016-06-15","SELL","8221.35","SMA-20"
"2016-06-16","SELL","8158.75","SMA-20"
"2016-06-17","SELL","8174.4","SMA-20"
"2016-06-20","SELL","8251.9","SMA-20"
"2016-06-21","SELL","8225.1","SMA-20"
"2016-06-22","SELL","8205.05","SMA-20"
"2016-06-23","SELL","8282.25","SMA-20"
"2016-06-24","SELL","8086.9","SMA-20"
"2016-06-27","BUY","8104.6","SMA-20"
"2016-06-28","BUY","8136.05","SMA-20"
"2016-06-29","BUY","8204.5","SMA-20"
"2016-06-30","SELL","8287.75","SMA-20"
"2016-07-01","SELL","8355.15","SMA-20"
"2016-07-04","SELL","8387.35","SMA-20"
"2016-07-05","SELL","8354","SMA-20"
"2016-07-07","SELL","8358.3","SMA-20"
"2016-07-08","SELL","8336.45","SMA-20"
"2016-07-11","SELL","8489.4","SMA-20"
"2016-07-12","SELL","8528.75","SMA-20"
"2016-07-13","SELL","8520.05","SMA-20"
"2016-07-14","SELL","8576.55","SMA-20"
"2016-07-15","SELL","8554.85","SMA-20"
"2016-07-18","SELL","8520.5","SMA-20"
"2016-07-19","SELL","8540.45","SMA-20"
"2016-07-20","SELL","8584.15","SMA-20"
"2016-07-21","SELL","8519.75","SMA-20"
"2016-07-22","SELL","8554.3","SMA-20"
"2016-07-25","SELL","8639.7","SMA-20"
"2016-07-26","SELL","8592.85","SMA-20"
"2016-07-27","SELL","8614.75","SMA-20"
"2016-07-28","SELL","8666.3","SMA-20"
"2016-07-29","SELL","8686.6","SMA-20"
"2016-08-01","SELL","8682","SMA-20"
"2016-08-02","SELL","8660.3","SMA-20"
"2016-08-03","SELL","8582.55","SMA-20"
"2016-08-04","SELL","8594.4","SMA-20"
"2016-08-05","SELL","8708.2","SMA-20"
"2016-08-08","SELL","8742.3","SMA-20"
"2016-08-09","SELL","8702.55","SMA-20"
"2016-08-10","SELL","8598.05","SMA-20"
"2016-08-11","SELL","8612.45","SMA-20"
"2016-08-12","SELL","8678.4","SMA-20"
"2016-08-16","SELL","8659.9","SMA-20"
"2016-08-17","SELL","8631.4","SMA-20"
"2016-08-18","SELL","8685.1","SMA-20"
"2016-08-19","SELL","8677.25","SMA-20"
"2016-08-22","SELL","8633.2","SMA-20"
"2016-08-23","SELL","8641.75","SMA-20"
"2016-08-24","SELL","8654.65","SMA-20"
"2016-08-25","SELL","8592.2","SMA-20"
"2016-08-26","BUY","8625","SMA-20"
"2016-08-29","BUY","8649.75","SMA-20"
"2016-08-30","BUY","8794.6","SMA-20"
"2016-08-31","SELL","8836.15","SMA-20"
"2016-09-01","SELL","8808.35","SMA-20"
"2016-09-02","SELL","8840.15","SMA-20"
"2016-09-06","SELL","8961.2","SMA-20"
"2016-09-07","SELL","8952.1","SMA-20"
"2016-09-08","SELL","8982.55","SMA-20"
"2016-09-09","SELL","8903.75","SMA-20"
"2016-09-12","SELL","8742.35","SMA-20"
"2016-09-14","SELL","8768.55","SMA-20"
"2016-09-15","SELL","8773.5","SMA-20"
"2016-09-16","SELL","8808.2","SMA-20"
"2016-09-19","SELL","8832.1","SMA-20"
"2016-09-20","SELL","8807.2","SMA-20"
"2016-09-21","SELL","8806.95","SMA-20"
"2016-09-22","SELL","8884.45","SMA-20"
"2016-09-23","SELL","8843.65","SMA-20"
"2016-09-26","SELL","8735.15","SMA-20"
"2016-09-27","SELL","8716.55","SMA-20"
"2016-09-28","SELL","8758.45","SMA-20"
"2016-09-29","SELL","8591.25","SMA-20"
"2016-09-30","BUY","8640.65","SMA-20"
"2016-10-03","BUY","8779.1","SMA-20"
"2016-10-04","BUY","8799.7","SMA-20"
"2016-10-05","BUY","8775.35","SMA-20"
"2016-10-06","BUY","8731.35","SMA-20"
"2016-10-07","BUY","8722.75","SMA-20"
"2016-10-10","BUY","8739.95","SMA-20"
"2016-10-13","BUY","8580.45","SMA-20"
"2016-10-14","BUY","8605.1","SMA-20"
"2016-10-17","BUY","8523.9","SMA-20"
"2016-10-18","BUY","8679.85","SMA-20"
"2016-10-19","BUY","8665.25","SMA-20"
"2016-10-20","BUY","8705.15","SMA-20"
"2016-10-21","BUY","8700.35","SMA-20"
"2016-10-24","BUY","8720.25","SMA-20"
"2016-10-25","BUY","8700.35","SMA-20"
"2016-10-26","BUY","8616.75","SMA-20"
"2016-10-27","BUY","8615.25","SMA-20"
"2016-10-28","BUY","8667.4","SMA-20"
"2016-11-01","BUY","8651.75","SMA-20"
"2016-11-02","SELL","8542.6","SMA-20"
"2016-11-03","BUY","8517.9","SMA-20"
"2016-11-04","BUY","8458.2","SMA-20"
"2016-11-07","BUY","8520","SMA-20"
"2016-11-08","BUY","8566.55","SMA-20"
"2016-11-09","BUY","8462.7","SMA-20"
"2016-11-10","BUY","8553.35","SMA-20"
"2016-11-11","BUY","8327.95","SMA-20"
"2016-11-15","BUY","8139.55","SMA-20"
"2016-11-16","BUY","8118.55","SMA-20"
"2016-11-17","BUY","8088.35","SMA-20"
"2016-11-18","BUY","8074.7","SMA-20"
"2016-11-21","BUY","7939.2","SMA-20"
"2016-11-22","BUY","8006.8","SMA-20"
"2016-11-23","BUY","8024.85","SMA-20"
"2016-11-24","BUY","7965.5","SMA-20"
"2016-11-25","BUY","8126.35","SMA-20"
"2016-11-28","BUY","8150.6","SMA-20"
"2016-11-29","BUY","8172.05","SMA-20"
"2016-11-30","BUY","8260.35","SMA-20"
"2016-12-01","BUY","8212","SMA-20"
"2016-12-02","BUY","8108.9","SMA-20"
"2016-12-05","BUY","8164.9","SMA-20"
"2016-12-06","BUY","8169.05","SMA-20"
"2016-12-07","BUY","8123.35","SMA-20"
"2016-12-08","BUY","8255.65","SMA-20"
"2016-12-09","BUY","8277","SMA-20"
"2016-12-12","BUY","8183.4","SMA-20"
"2016-12-13","BUY","8227.45","SMA-20"
"2016-12-14","SELL","8197.65","SMA-20"
"2016-12-15","SELL","8173.05","SMA-20"
"2016-12-16","SELL","8146.5","SMA-20"
"2016-12-19","SELL","8124.15","SMA-20"
"2016-12-20","SELL","8099.9","SMA-20"
"2016-12-21","SELL","8080.65","SMA-20"
"2016-12-22","SELL","7996.85","SMA-20"
"2016-12-23","SELL","7995","SMA-20"
"2016-12-26","BUY","7911.3","SMA-20"
"2016-12-27","BUY","8031.35","SMA-20"
"2016-12-28","BUY","8031.35","SMA-20"
"2016-12-29","BUY","8103.6","SMA-20"
"2016-12-30","BUY","8187.4","SMA-20"
"2017-01-02","SELL","8192.1","SMA-20"
"2017-01-03","SELL","8196.5","SMA-20"
"2017-01-04","SELL","8204.05","SMA-20"
"2017-01-05","SELL","8288.2","SMA-20"
"2017-01-06","SELL","8267.65","SMA-20"
"2017-01-09","BUY","8249.9","SMA-20"
"2017-01-10","SELL","8293.85","SMA-20"
"2017-01-11","SELL","8387.2","SMA-20"
"2017-01-12","SELL","8418","SMA-20"
"2017-01-13","SELL","8417.7","SMA-20"
"2017-01-16","SELL","8431.7","SMA-20"
"2017-01-17","SELL","8408.5","SMA-20"
"2017-01-18","SELL","8429.35","SMA-20"
"2017-01-19","SELL","8442.95","SMA-20"
"2017-01-20","SELL","8362.65","SMA-20"
"2017-01-23","SELL","8402.4","SMA-20"
"2017-01-24","SELL","8480.5","SMA-20"
"2017-01-25","SELL","8602.75","SMA-20"
"2017-01-27","SELL","8671.1","SMA-20"
"2017-01-30","SELL","8655.35","SMA-20"
"2017-01-31","SELL","8584.3","SMA-20"
"2017-02-01","SELL","8737.9","SMA-20"
